--
-- PostgreSQL database dump
--

-- Dumped from database version 17.0
-- Dumped by pg_dump version 17.0

SET statement_timeout = 0;
SET lock_timeout = 0;
SET idle_in_transaction_session_timeout = 0;
SET transaction_timeout = 0;
SET client_encoding = 'UTF8';
SET standard_conforming_strings = on;
SELECT pg_catalog.set_config('search_path', '', false);
SET check_function_bodies = false;
SET xmloption = content;
SET client_min_messages = warning;
SET row_security = off;

--
-- Data for Name: tipobacheca; Type: TABLE DATA; Schema: public; Owner: postgres
--

INSERT INTO public.tipobacheca VALUES ('UNIVERSITA');
INSERT INTO public.tipobacheca VALUES ('LAVORO');
INSERT INTO public.tipobacheca VALUES ('TEMPO_LIBERO');
INSERT INTO public.tipobacheca VALUES ('Universita');
INSERT INTO public.tipobacheca VALUES ('Lavoro');
INSERT INTO public.tipobacheca VALUES ('TempoLibero');


--
-- Data for Name: utente; Type: TABLE DATA; Schema: public; Owner: postgres
--

INSERT INTO public.utente VALUES ('admin', 'adminpass');
INSERT INTO public.utente VALUES ('pluto', 'plutopass');
INSERT INTO public.utente VALUES ('pippo', 'pippopass');


--
-- Data for Name: bacheca; Type: TABLE DATA; Schema: public; Owner: postgres
--

INSERT INTO public.bacheca VALUES ('UNIVERSITA', 'Bacheca universitaria di admin', 'admin');
INSERT INTO public.bacheca VALUES ('LAVORO', 'Bacheca lavorativa di admin', 'admin');
INSERT INTO public.bacheca VALUES ('TEMPO_LIBERO', 'Bacheca tempo libero di admin', 'admin');
INSERT INTO public.bacheca VALUES ('UNIVERSITA', 'Bacheca universitaria di pluto', 'pluto');
INSERT INTO public.bacheca VALUES ('LAVORO', 'Bacheca lavorativa di pluto', 'pluto');
INSERT INTO public.bacheca VALUES ('TEMPO_LIBERO', 'Bacheca tempo libero di pluto', 'pluto');
INSERT INTO public.bacheca VALUES ('UNIVERSITA', 'Bacheca universitaria di pippo', 'pippo');
INSERT INTO public.bacheca VALUES ('LAVORO', 'Bacheca lavorativa di pippo', 'pippo');
INSERT INTO public.bacheca VALUES ('TEMPO_LIBERO', 'Bacheca tempo libero di pippo', 'pippo');


--
-- Data for Name: statotodo; Type: TABLE DATA; Schema: public; Owner: postgres
--

INSERT INTO public.statotodo VALUES ('NON_COMPLETATO');
INSERT INTO public.statotodo VALUES ('COMPLETATO');
INSERT INTO public.statotodo VALUES ('Completato');
INSERT INTO public.statotodo VALUES ('NonCompletato');


--
-- Data for Name: todo; Type: TABLE DATA; Schema: public; Owner: postgres
--

INSERT INTO public.todo VALUES (1, 'Studiare SQL', '2025-06-30', '', '\xffd8ffe000104a46494600010100000100010000ffe2021c4943435f50524f46494c450001010000020c6c636d73021000006d6e74725247422058595a2007dc00010019000300290039616373704150504c0000000000000000000000000000000000000000000000000000f6d6000100000000d32d6c636d7300000000000000000000000000000000000000000000000000000000000000000000000000000000000000000000000a64657363000000fc0000005e637072740000015c0000000b777470740000016800000014626b70740000017c000000147258595a00000190000000146758595a000001a4000000146258595a000001b80000001472545243000001cc0000004067545243000001cc0000004062545243000001cc0000004064657363000000000000000363320000000000000000000000000000000000000000000000000000000000000000000000000000000000000000000000000000000000000000000000000000000000000000000000000000000000000000000074657874000000004642000058595a20000000000000f6d6000100000000d32d58595a20000000000000031600000333000002a458595a200000000000006fa2000038f50000039058595a2000000000000062990000b785000018da58595a2000000000000024a000000f840000b6cf63757276000000000000001a000000cb01c903630592086b0bf6103f15511b3421f1299032183b92460551775ded6b707a0589b19a7cac69bf7dd3c3e930ffffffed004250686f746f73686f7020332e30003842494d04040000000000251c0274001952756b616e6f6761207c20447265616d7374696d652e636f6d1c02000002000400ffe10c75687474703a2f2f6e732e61646f62652e636f6d2f7861702f312e302f003c3f787061636b657420626567696e3d27efbbbf272069643d2757354d304d7043656869487a7265537a4e54637a6b633964273f3e0a3c783a786d706d65746120786d6c6e733a783d2761646f62653a6e733a6d6574612f2720783a786d70746b3d27496d6167653a3a45786966546f6f6c2031312e3838273e0a3c7264663a52444620786d6c6e733a7264663d27687474703a2f2f7777772e77332e6f72672f313939392f30322f32322d7264662d73796e7461782d6e7323273e0a0a203c7264663a4465736372697074696f6e207264663a61626f75743d27270a2020786d6c6e733a706c75733d27687474703a2f2f6e732e757365706c75732e6f72672f6c64662f786d702f312e302f273e0a20203c706c75733a4c6963656e736f723e0a2020203c7264663a5365713e0a202020203c7264663a6c69207264663a7061727365547970653d275265736f75726365273e0a20202020203c706c75733a4c6963656e736f7255524c3e68747470733a2f2f7777772e647265616d7374696d652e636f6d3c2f706c75733a4c6963656e736f7255524c3e0a202020203c2f7264663a6c693e0a2020203c2f7264663a5365713e0a20203c2f706c75733a4c6963656e736f723e0a203c2f7264663a4465736372697074696f6e3e0a0a203c7264663a4465736372697074696f6e207264663a61626f75743d27270a2020786d6c6e733a786d705269676874733d27687474703a2f2f6e732e61646f62652e636f6d2f7861702f312e302f7269676874732f273e0a20203c786d705269676874733a57656253746174656d656e743e68747470733a2f2f7777772e647265616d7374696d652e636f6d2f61626f75742d73746f636b2d696d6167652d6c6963656e7365733c2f786d705269676874733a57656253746174656d656e743e0a203c2f7264663a4465736372697074696f6e3e0a3c2f7264663a5244463e0a3c2f783a786d706d6574613e0a202020202020202020202020202020202020202020202020202020202020202020202020202020202020202020202020202020202020202020202020202020202020202020202020202020202020202020202020202020202020202020202020202020200a202020202020202020202020202020202020202020202020202020202020202020202020202020202020202020202020202020202020202020202020202020202020202020202020202020202020202020202020202020202020202020202020202020200a202020202020202020202020202020202020202020202020202020202020202020202020202020202020202020202020202020202020202020202020202020202020202020202020202020202020202020202020202020202020202020202020202020200a202020202020202020202020202020202020202020202020202020202020202020202020202020202020202020202020202020202020202020202020202020202020202020202020202020202020202020202020202020202020202020202020202020200a202020202020202020202020202020202020202020202020202020202020202020202020202020202020202020202020202020202020202020202020202020202020202020202020202020202020202020202020202020202020202020202020202020200a202020202020202020202020202020202020202020202020202020202020202020202020202020202020202020202020202020202020202020202020202020202020202020202020202020202020202020202020202020202020202020202020202020200a202020202020202020202020202020202020202020202020202020202020202020202020202020202020202020202020202020202020202020202020202020202020202020202020202020202020202020202020202020202020202020202020202020200a202020202020202020202020202020202020202020202020202020202020202020202020202020202020202020202020202020202020202020202020202020202020202020202020202020202020202020202020202020202020202020202020202020200a202020202020202020202020202020202020202020202020202020202020202020202020202020202020202020202020202020202020202020202020202020202020202020202020202020202020202020202020202020202020202020202020202020200a202020202020202020202020202020202020202020202020202020202020202020202020202020202020202020202020202020202020202020202020202020202020202020202020202020202020202020202020202020202020202020202020202020200a202020202020202020202020202020202020202020202020202020202020202020202020202020202020202020202020202020202020202020202020202020202020202020202020202020202020202020202020202020202020202020202020202020200a202020202020202020202020202020202020202020202020202020202020202020202020202020202020202020202020202020202020202020202020202020202020202020202020202020202020202020202020202020202020202020202020202020200a202020202020202020202020202020202020202020202020202020202020202020202020202020202020202020202020202020202020202020202020202020202020202020202020202020202020202020202020202020202020202020202020202020200a202020202020202020202020202020202020202020202020202020202020202020202020202020202020202020202020202020202020202020202020202020202020202020202020202020202020202020202020202020202020202020202020202020200a202020202020202020202020202020202020202020202020202020202020202020202020202020202020202020202020202020202020202020202020202020202020202020202020202020202020202020202020202020202020202020202020202020200a202020202020202020202020202020202020202020202020202020202020202020202020202020202020202020202020202020202020202020202020202020202020202020202020202020202020202020202020202020202020202020202020202020200a202020202020202020202020202020202020202020202020202020202020202020202020202020202020202020202020202020202020202020202020202020202020202020202020202020202020202020202020202020202020202020202020202020200a202020202020202020202020202020202020202020202020202020202020202020202020202020202020202020202020202020202020202020202020202020202020202020202020202020202020202020202020202020202020202020202020202020200a202020202020202020202020202020202020202020202020202020202020202020202020202020202020202020202020202020202020202020202020202020202020202020202020202020202020202020202020202020202020202020202020202020200a202020202020202020202020202020202020202020202020202020202020202020202020202020202020202020202020202020202020202020202020202020202020202020202020202020202020202020202020202020202020202020202020202020200a202020202020202020202020202020202020202020202020202020202020202020202020202020202020202020202020202020202020202020202020202020202020202020202020202020202020202020202020202020202020202020202020202020200a202020202020202020202020202020202020202020202020202020202020202020202020202020202020202020202020202020202020202020202020202020202020202020202020202020202020202020202020202020202020202020202020202020200a202020202020202020202020202020202020202020202020202020202020202020202020202020202020202020202020202020202020202020202020202020202020202020202020202020202020202020202020202020202020202020202020202020200a202020202020202020202020202020202020202020202020202020202020202020202020202020202020202020202020202020202020202020202020202020202020202020202020202020202020202020202020202020202020202020202020202020200a3c3f787061636b657420656e643d2777273f3effe1007c4578696600004d4d002a000000080005011a0005000000010000004a011b00050000000100000052012800030000000100020000021300030000000100010000829800020000001a0000005a000000000000004800000001000000480000000152756b616e6f6761207c20447265616d7374696d652e636f6d00ffdb004300080808080908090a0a090d0e0c0e0d1311101011131c14161416141c2b1b1f1b1b1f1b2b262e2523252e2644352f2f35444e423e424e5f55555f7771779c9cd1ffdb004301080808080908090a0a090d0e0c0e0d1311101011131c14161416141c2b1b1f1b1b1f1b2b262e2523252e2644352f2f35444e423e424e5f55555f7771779c9cd1ffc200110802bc032003012200021101031101ffc4001b00010002030101000000000000000000000001040203050607ffc4001a010100030101010000000000000000000000010203040506ffda000c03010002100310000001f7e00000000000000000000000000000000000000000000000000000000000000000000000000000000000000000000000000000000000000000000000000000000000000000000000000000000000000000000000000000000000000000000000000000000000000000000000000000000000000000000000000000000000000000000000000000000000000000000000000000000000000000000000000000000001acd8adae62eb9b81d571b098ee38181e89e6f03d3bcb41ea9e520f58f263d63ca49ea9e5f33d2bceec89ef38db8e9a9d886c0900000000000000000000000000000000000000000000000034f3663a75b9abd6d69d298633131108213891130444c42226131130444c11130444c11130444c089811306eb7cd1e87a9e2159fa03cafa7adb3112000000000000000000000000000000000000000000d1bf9b6aebad9d7d2bb234650d8c666222463130444c44c44c11130444c118c88898222711081130444c089810810c49c3569895ba727d2b6737a59d8120000000000000000000000000000000000000000393d6e6debc1ad6397316345bb113c9b1d3929edd8433cb71a5736cb9d1d6cce2c77b33cec7a593cc47a993cac7ab1e55eaa0f2f3e9b13cde5e8303853d9d272f1bf5e1575d994d1c3b17cf2b6bd8e511e7b99e97ccde3d3f4295dcae090000000000000000000000000000000000000000142fd2b57cff23b3c7b45dea727a90ea5ca374da296d7a6d6b98a3a6dd5b356b5589df972d0eb4f264eab9510eb63cc1d2c79c95ec2a41635eb832c260889837dea77662ddea576d1622628a1e63d3796d23d9d9d3bb2b824000000000000000000000000000000000000000055b55ed5f3fc6edf1ad1b7abc9eac3a57a85e37a26966bd9ae62bd4b756cad56d56acd3104c048112201130226041288982cdda77262e5da576d1631cb1ab9de5bd3f99bc7bbc8cb400000000000000000000000000000000000000000069dd84c79fe2f7b877a63d5e475a27a57f9d7cb338e54b35ecd7315eadaab656af62bc4d222a90260260010044c4a0811305ab94ee4c5cbb4ee5a37e39615737cf77b5d9df19dc0000000000000000000000000000000000000000000a9e63d979fd33f3dd6df29b1d0e65f2ee5af3a4cebcf59a2ad9ad656d1bf444d18cb1a93120000800812889822260b96eb5898bd738faed1e8b9fc28be7dbebf91f579e998a5c0000000000000000000000000000000000000000000adc5bfcfdf1ab6a8ece8c3afbb84a5bd1e5e7b7e77ed61cedd5bedd1b66b34b574a62de7f0f4184384ede271dd68394e9e273a3a189456f595e3744c696c5a3536cde9a56a6f4d3b325e888a95b72fd1707abcdd1ed852e000000000000000000000000000000000000000000071b8de8bcde99d5ab1aa27a76f83675cfaea5baf4dec32bd25136ac24261139b019c6232c4223218cca604128cab686515b46b6ba5e2a6fd59e946ddfeed6787badd597ac19dc0000000000000000000000000000000000000000000a5c1f43c1d33e25bad6e272747a29f2fb7d6ea879edfd5d654d9b52c1b76cc555ece639b1d5998e4bae87227ad072e7a58a684d9d513865ab4c4dad74b41d0d3ced30bf18db93ad5ae4c6fd1b74238fab327d38cee000000000000000000000000000000000000000000057e0fa0e1694e1efd59c3a9d1e6f40bfbabee33c32c21a6ad9ab335ebefd30a38e7aa2764ea986d6a1b230130080422480880bd6aada98bb7295cb46dd1baba38bbabdc89f40297000000000000000000000000000000000000000000035f0fbfc4bd3811b349d5e8736f9d0df5ac196396069ad62b26be8dda61534eed11328984a04c04c20984484084040bf66b59b45db74edcc6dad62a4c717b343d252d22b60000000000000000000000000000000000000000000156d5598f2f47b5475cac5ee7dda5fa362a5996dc27186aad62b26be9dba6156bd9ad132813308102509101081080892fd9adbed17add0d531d5e4d6d1b63b7d7fcb3e99cdbef11600000000000000000000000000000000000000000001c9eb79eb57469d1a7a30eb58e6cde9d7ddc9b596bd38a7ba9757dba6b3a346dd113a6adba713338c928131025104a209899308cf198c33cf6deb319edd72d1ba71d33caa618e3b57f71e3fd963adc15b0c4c94a9d2fd950bf350b463cba1e638fb3d5e8f3f1cdd5efadfcdfb9d1cdeb15acf67184c000000000000000000000000000000393d6a36af8da3dde3cc3a5c9d968eda86fdb1b0d79e99efdb509e865cd567a38d045af634d0b78d644efc75263663889c6531863b56aead93ae63634ebadece9a9ab9f7ddcedfab97a9dce1b1dba1dcf27396be969f1a72d6e5489cb5894d6cef7057afd136fcf3addde7f1ab6bcf93b366dd19e7a6d86ccef8f779795a3da6ff15ecfd3f2f21d3cc00000000000000000000000000002a5bad6af9fe3f6f8d68b3945e89e64fa21c4dbd0d70ad9eedb68a71d3ced5e3e1decad5f3d1e8e263cebd0d789e2ba15b3d344f5ec5e9c2cbb589c8c7ab4a97e161aa7c8f5e30ce31da36e5168c7558c2b3aa655bc32421329867b21a26d675b527433acf3f65c44d4e7f6f87ae5967af6694d9769f4b1d6063abd4f96ee7671f6c7b3e380000000000000000000000000000d1bf54c7038bdee25ebb2ed0bb0e85ba56a5671c2056dba2275611a21bb1ab453db9f3f8c3a7cdd8f1fdad0db852f9f4b998efcfd0d1570f4fcbd9573d66dca32f37d3cb1db961bc63bb7d6d4f0bd9d2dcdd9d1c697a99d88ace19a6b2898890044a602385dbe27473ecd9af6694b96b19e5e9942b69bd432bd3db31cbe8be78000000000000000000000000d35696e838b5b3d7d1c796d55bfad8f239a3a5c3b34fa315ee7ded32bd66a5946f20c346dd29d1a36e986142fd089d6c36e3bcce19797ea499d6752cedacd0d7d4c35cf90c9ec7918e7a73e1efdb62b58c75ba383b08c88898004c65318c4c56c1164001a78fd4e67573676eaf50db072f404901eaef713b7ef7841b62000000000000000001aa9f2f97c3dddfabc961d176ae119ea14bc4650638e70618e78a30c738b4616ea63be1e92d796f43e8f9b76719d71c34eed09afa7768861cfbf42275edd73c1e867962e4ebcac56b99de73c186d3014ab74b95ed78dae671d73b162a5ae1eebd09f3bba32c26531130008994465032eef43d0f3fc8f2af79c8b5ed5a334e7b30d95b6fea55b3cbd219dd13001d0f53e27dafabe5c8efe0000000000000000000e0f0fd279af33d5ca25cdd302089109c93ae374d55a2da269637e0e7e37f5dab4b2cf57465ea36f98ef7b1e358d49be55b4ded15bd4e77579d59d530f1fdacb2c673becbba3761a867a11288e6f4b5f5f2f25d6ddf43e07276f4e30df06557cbf4f7eae3614bf5b550d97af4ec55b5c7d619dc41ea263cf7d17cf793c232e3eecb6639e77cb76bbd96b7471f510260007acf27deece3ed8f63c800000000000000000414bc8fb5f17c3df965b5e5fa5ae7256624acca112000000d5b52e758b35bbb8ef2bedfa3f9dcf3d19694b34f6f2b8fb35319f13dbcf2c76d6d724e3e844c130006dcab61f55f31b74678de9574d88cf4e6a6383bf2d986ca69d0b35f7f99e8052e32b57d27cf3d6786f73c5cb3c3672f565b30db9e9975a8f479ba2063aa2695ebb2cd0bd7ce50c769e873b3bd3dba27e87e7c00000000000000040210f11edbc8f2f66289f0fd8089000000000000c6fd1dbe9f9f7635cfafe4e9e07578fe7fa1967af3e5eaceed2e961b4c1cfb00209804c73fd1e0db5eb59f5fc8b3634ed9708707a19ecd7b73d3a3bb56df37d00a4b66bc74a73b909f53cdcb6639e5ae7b30b196b7f6cc71f5044b9fd08bd6a5b2015b04bd6dde276fddf0436c8000000000000082044c11e67d37030e8e6e5af6785ed052c0004efd295d6b1d33aecb0cb5914b08260484c6dd3968fa2f9fe7e988e1f43667af6677b57746ee3ea119de600009356d4d7876b0d9f47f3d6366bcf4a71271cb83bf3dbaf667af4f66bcfccf42608953b9434a7133c73f47833d986ccf4cfa347afcfb08e6e809020813000747d5787f6feaf9723bb8400000000000101040808e475f9f9e9e736e9dde17ba18dc003a57b9bd2f7fc2c75ecc3a39f572fadcdcf5a9b793d3f13dac873ee001142f71bd1e0d5384eb4dbbb4dec75bb131c3d89841134ef4b7352dc82972056d37e9fade56c987a3e77172c72e2efd9b756dcb5ea658cf99e84a1133cde8f2f5cf999e1b3bf8b3dbaf6e5a5dbb865c9d42296946bd29b157574f35dc2bec4d961971f54a1133ebbc87a1ece3ed8f5fc9000000000004080421089815ac6313e377d7b1e0fbe1cfa8005beaf1bb1edf8d8e3963d9c78f2fa9c2cf5e55ca3bf8bbfa63c9f4884c00f3fe83cf75f3619ebd9d9cbbfabcdebf175c0e5e8093cf7a0e1f4f3cf7397d3260e6dc413ab661b65cba5636fbde155cb0cb9baf6edd5bb1dba72799e810899e4f5791be347661b7b3973b957a986dba0e4e91126bdb9fb1e3d5c2f4f572f3f2bd8e5ad7ce77f95ead7756e699f03b7d2b1d5cbb876718000000000080820404102108f253bb478bee6438ba40106cee703bdebf9518ce3e879f8f8fea70b93b766eadbf3d7ad3867e4fa411203ce7a2f35d9cadda77f5f3746eebd9e67a014b8825041002401034d5bdcff0067c7a19678d9b3769df86fd223ccf42502795d49ebe5f3bb6dd6df1ddd5adbb8bb250cef28bbb64dd7367b7e1d4cede52ad9d8c8d5ba7319322738c8ca62400000000010226042044c22084a107028f5791e57adb50f37be60008eef0f67a5e776387cda1d5cf11830e8db62b6f98ebe6797e810890963e67bdc1eee2d972af574add43cdee0040120111281099410a96f0eae6a75ba51ec791cdb18e7c3df7d0f37d1944226e52ecf7f056e5fa5cfd0f3fcdeef41b397af8d72fcefcfab6653b658360c273930cb2931ca644b21292662400000000044c10088981138884210839dc1f49e6bcff4b70f23d40084c38bdae374e1a3198ece4c2338adb3bd4bb196b620e2eb0081cde5efd5ea79bb7bbcceaf2f490e5e80918f377c3a5a79f3ddc5674e2e8e69bd42c73f55c43cbf484128898dbb23a3eef87cda5e8e51c1dfdeddcdd5c5b9d07473ead994ed8eb6c184e6319c844cc91322266489909489489480000000000202022226131130444c2222613abc9faff25c9d9b4789ec200072babcedf2a0cb3ede3d71bad65ae1d289e3ea215b4c0857dfc5db2abb31dde87174ad44f9be810a58423453b4f6fc6d19dad9d3cd526f6c39b87626279b9deb5e5fa7c6dde836ed8f16d745d3cf5f2dadb1d739c98e53244cc91924264c66444c8864226413244a424252000000000000226088911130444c11130444e24799f4de7f0e9ab38e5e17b415921253b8b57936aec699e19c32d44425090d76ae3c7eae8f67c7e7dea9d5e3edde870f60826237eb969b17b77bbe152db6f2956d9be4d79e7918e73213243218b218ce431999226648948482444c889911322264090480000000000000226084c1112318ca08c728318ca0c38bdbe7e7a70b3d7b3c1f75052e01040826091008c35ca70db63d8f22be77376f879cbbd5cf87bb8fb7bdbab3c5b7d174f368d9b1b63a9b265aa760c2739309ca4c6664c666484c98b21099319911332426489491322252448120491200000000000000000426088918c650446506119e263a776b3ca67bf4785ee88e7de60421129442251b75cf54742e77f0f1ed7572eee0a3baccda34e5b64c33ca4c729922664c59498b218b318b210c84264c59084c98cc884c98cc82444c81244a489024000000000000000000000010918c64318c8618ecc4d786dc0e3733d0f9cf2bd59467c5d982e5be8e7e3e7dfdfd3cdc2b5d5757355ddb1be18b3183318b318b2931999319992132426484c98cc88643164212219084884c90911292120911204800000000000000000000000000000088c8611b068e775e2b6e6efb18cd753625ad98c198c590c590c6664c59084886421326332226444c8890244264c66442442444c884884824448000000000000000000000000000000000000224638e706119c18b2183218b211190c66442443218cc8848894909112921204909024848848890000000000000000000000000000000000000000000011222328223218a442442442442442442442444c8848848899109112000000000000000000000000000000000000000000000000000000089004244484244242244244484480000000000000000000000000000000000000000000000000000000000000000000000000000000000000000000000000000000000000000000000000000000000000000000000000000000000000000000000000000000000000000000000007fffc4002d100002010204060202030101010100000000010203110410122013142130315032402241053360233490a0ffda0008010100010502ff00ed1eb89c5a671e07308e64e62473150e3d438d54e35438b50e2d438950e25438b50e2d438d54e3d5398ac73358e6ea9ce4ce74e7622c5d216228b14a2ffc2b9c50eba1d690e737f7554a8858bac88e3510ab4e7efe535125393f4b4b18e0464a4bddca44bd2b6912772862274651929c7dd36390e67111ae25d7dfea3be7a5983ffcfeeaa129b46b46a4399762d4294cd523548bb3a9d4b32ccb32ccb32ccb32ccb334c8d12344ce15438550e0d4381338123807051c346845b3d2e447055642c2c2057f185ffcfeeaa13ca318b5cbc59ca3396aa70a68b09162c58b162c58b162c58b16ec3b0e511ce06a4cd371514468d3124b2995fc61ff00a3dd5427953224459e988e9c471475354875a68e666735239a6734ce699cd339a91cd48e6a673350e62a1c7aa716a1ae65dec80888b3995fc51fe9f755098fcd322445b18c6325f4e02222c9950c47887c3dd54264bcd322445b18c6325f4e02222c9950ae2f1eea65427e69f989116c6318c97d380888b26542afcbddcca854f30f31222d8c63192fa70111164ca83eb5bddbf150a843cc488b6318c63fa70111164ca861e87e7ef2a53d45583447cc488b6318c63fa7111116552bc22515c4f7f5256abc1a350e0cd0ba1162d8c6318fe944ba471a0878a639d598a36238ae0d48c9497bc932af923566855e2c5c2658fccd52350e686d0f27dfea75cae599a4b2cea3d52fe3aabbfbc9326cd4b629490ab5439867308e3d3389499ff1668a670699c0a6702070207020706270a270a270e26889681f81aa25cfc8b48d2688ed6d21cae4a26057fdfde56e84a448552511564269f6aecbc8d523548d522ef3b22cbb3aa23a84a733a9115376c27fe9f7950a911df38a2ecd4cbfd3be5691a646966945b2b14f07526430f4e9aaa60bff0047bca84c7e546325cb9c1a88b090908b1a6270e270a2702272e8e5ce5d9cbb397672ece5ce5ce5d1c089c181c281a56c65d1a5b2342242118e522a981fedf793264bcd3f11225931d0a4ce5a270248d12596a8978f6ae8d7038b4c75e98f1111e2075a439cb288888b29154fe3fe5ef265427e6991222d8c6318cbb3548d7235ccd733548bbedc44445948aa7f1fef66542a14c89116c631e52fa484445948aa7f1ffd7ef25e2a150a64488b6318f297d242222ca4553051d343de32aa2a10f2888b6318f297d24210b2991a5c597beab0d4aa448794445b18c794be8a108421b2a543058a7abdf49953e5c2ea888b6318f297d15922e90f1086e5227f1f05296ba7ef65226f255051833f242922f9318f297d189a8d52669ce4ee38186fe8ed369278ca087fc84458f95e9d6a757d7d5e9293155b3c9549a38e852a4cb1a663531dcb92ee599a64696591a4d2cd0b36d21d4be52e91c3ff00466da43c45143c750452c453abb3f90ab657cfc14b1b3894eac2a2f595e375276ca339448d54f6eb9a38d3398671d1c4a45e816c39a70e68a068a069a25a89ff0022f02e5e47e46934476b9c495490ee448d3b2ad24c8e369429bfe4478eaec788af21b6f651c6ca242719a2bd4e255caf9a6d3a58d922152135eaaa1562996c92136853352fabaa26a1b90dc4d68d5de84e5073c6ca5476aea70d1a6245e86baaf533264be5a632382c716b248d28d08e19c391a266991d72ba2e8ba3523522e752d334543875074ec9cce248bc9e56b9a51a7bda59c36708f0f382d98795e97a999509f98f888ba9c1a4ce599c39ac96db164590e7450f11410f17029d48545b2ab5a362e91e8b2979dd666891c33868d31dafce4b6e0e5eaa6542a10f11222cae5c76cb8921d79239b39b473912b56e20d67194a0f9c91cd541d7aa3a9367ef62ea8fd32c6891c3670d1a6274eed35b70d2b55f5322a150a7e11116c63c98f3b3cad959962cf3fdd991f3d5ad2d9c390a2cd312c8ebde97c734ad1d89d9a775ea6a150a62222d8c793f0fa362d9e0b1d4b0f2f1927f92236b9fa7e72f3dda9f0ca9abbdd8795e97a173821e268a1e3203c6c878baa7355ce6eb9ce55258ad44a716a98842167fbcdf4c965fa179d08b46ebcf98e4fcc7caf8c3c9fa67ed79fd772abfc7282b47760e5f72538c478aa4878c88f1950788acc7293eddda23548b166cfde4c7a72f25f38793f6bcfeaa24b262f3e08793f4cfdaf3fade9365452a7078938f335c9e71577bf0d2b55fb78cfecfa30a9283a735359b1e6de7779c7a4764bc669b22ddfb94a9c741fc8d5d5536d25d84ecfcfdbc6afa719383849ce3a8b8c79cb6aeaf75456964a1221f2cdce28e344e3329b6f743e139a842527296c4785d8a12d54bed62d7fcfb1666934a34a2d12d134c4d08e18e2d654e6e1255646ba6cb5367098e9541c264e2f6c37ca299c34692c871b962552086db79d2f1b578fe46ada1b692ebd9c1cba7dac42bd1caccd2cd259775c1325068a52d9aa4712657ab271d8ba2deb27520875643d4cb6da7e37622a716aed8ab47641f5d98695aafda9abc3ea4a045c9aea6a45d6551de59c55df61ea387734a593141c87b29fc762f38baba28eda6aef6569e954ded8bb3fb72567f53c359688b2a421186ca7da738a1d646a9484ac2db0f8ec87cb1b53555db4d5a3b274a53942928eea12d54bed5656aabc7d48f9d4d1c44622a26b6785d9aaba90c96d87c7639682f77b22aefb983974fb58a5ff55e3eadc649dde705d7b5257890df1f8ecaff00d7b692eee1656abf6b16bf25d849b3853383238521c64bb73765b29ae9dba8ad2865fad91f8ecc47c3623c2ee45da5f6b16bf15d8a1e3656fc48cafd9acf62dfe7754578c327f1d8bc6cc4fc76525d77dd1ab75096aa5f6712bfe4bcefa1e76623e09d9a775be6eef24525d76d695a349f4dc95b27f1d8bc6cc4ed8ab4765c72675cd78d983974fb3555e9aec51f9ecc4fc0a6fb0fce4882b476e2657a9467be5d09578a354e6fb388f39d3577bac58b64b62bb30b09c65f65f6697f66cc54ba91ec4be4222aef77067271c3db7b574a958b5966b7623e59d3568edb1a4d2683866890a8d462c291c3c10a090bedd4569ef87cf36ecaa4f54c42f1ba5f211497d09227e335bab45df28abbdaa269349a4d26912f41885ff55e377ef3c556cd11f1b9f9110568f7df86359c7cedd3753a56ca92e9b29d295d40b162c5bd16297e6bb1fa2b624be688f8dafc0882bbfa325d6c38db28f9db15d345c9d1b64a9cd8b0cc58780a115ea31685d8e6a318d4af39ed5beabb5311457d2658d238d88f9db0874d269428af59895ff35d89fcf6229abcb7621e484ad1dd7471223aa6b96517d3724691c0d3a642a7362c3c8587821422bd85657a4bb157e7b69c6cb75596a99495e5b58e7279d8b6517be9f9d2693444518af692eb1ec57f96ca70befa92d3111497e3b6a3e962c58b1a4d25859a84d8b0f2161e0284516f7125696faf9d88d3ec559ea9091e16d9757a4d269349a0d0708e5c58788a115ef6b74a8b7d6f0a2d8a931462bb12649599497e5b94451144d2692c58b7f80c4ff62fa2de538df2a6ad1db1a7262a6692c58b7f83c52eabe83658b1a4943f2c9426c58790b0f11538acac5bfc36215e0be8288a2289a0746e2c3c4508aff1b2575e1f7541b153140d258b7f91acad53b4a1362a02a491a4b16ff29895d3728c98a84d8b0e854e28b7f99a91bc3251931509b161d0a94116ff00396348f0d0baa3045bff00c4efffc400371100020102030506040503050000000000010200031104123110202141511330324061712242508114236291b105337253708082d1ffda0008010301013f01ff00762f2e25c4cd334cd334cd334bcb8971f43bcbcbf90bcbf9e3f523bd6fa637d48e9f523a6e0fa7b90b68083e459c0886ea3cfb0cc27c4a60a8676a2675eb2e25e5e5e5e5e5e5e6613b45eb3b5586a9e90b31e716993ac1cbe816061a4bca1a4d32374963b2e7acccdd4cccdd4cccdd4cb9ebb723749d93414873302a8d06ce7e7f9ef587499474132af49917a4cabd2655e825bd37c6be7f9f931af9f3e4c79f3038bdb9f912fc6cb079f31d39882a3082a2cb83dd5e1751ce1abd04bb3444cbaeb06d14ea1d10c20a9b116d9430eaeb9989830d42de195306471437f484106c47963b0a298691e532b0e5333759da34ed4f49da9e93b5f49da9e93b53d2768d33b759c4c14dcf28b84a87e568b83a9d00830479bc5c1d31a9260c3d21f2081546800d8f4d1c59847c2383f0f111780020823d15a83e25988c3f62471b83e54eed8749d9a749d92facec8753051be97830750fcad0d100d8de7669d22a2dc7089468f2410281a0d8372d329996659540168220d98d5bd1bf43e54e9dc5a5250a8abb2b515aa3f5758ca54d888be21ef0345606653021d658758009c06ed5d4411470d95173a32f51e48239d149830d58fcb3f0957d21c255f4868555d50efe1d73541e9c7672132995b0e2a0f5e460e0c3df624e4274f6d9cf60dcabe2fb44173b9885cb59c7aff3df52c2a322b1278c186a23e5811068a06f54a28fa8fbcab45a9fb6ee113e02dd658c0ba4225b8cc653c956fc9b8ca757934a7a896e12da4238cb71844e368d8eca4809a45c45565b9b0f69998ea4c1298e1b98f5b3ab751fc77d8437a4074ddb4ca665850c74b8b112b8ec9ec743a181d4f3d8389b445caa17a6c41b7194f3d13d578c3517acc3e302380fe1ebd21fea387f97337b0ffd9f8abe8b3b6a879ca77c8368199fdcc10451bb8d5bd1bf43df60cf023d665996586fe270a2ad323f68d45d49044b30eb30219eb5c9e0a2fb041a6e6230a69d675e5a8f6829a8f5d82094fc03613c0ca0bab4104a639ec76caa4ca26e836545ce8cbd477d843f130f483bac6e1ee3b45d46bb30cb969dfac11071ddc7d2ba071f2ed1044f08d953fb6ffe2628b0020820161b19437030285d36d75cb59c7af7b863f9bf68be11b8d569af89c09f89a1fea08acade120ee6b2ad2c958a0ebc20e0008220e1baca194a9d088ea51994f23b04117c23654f037b4104a638efe396ceadd47f1ded136aa9ef29f8773142d5ea7beca4c56a2d8ca55338e3a8dcc453fce57fd3b105ceda8d9119ba446cc81baedc7d3b15a839f0306a208b0683655fedb41044161b1ea253176369f8da57b00676ec7a6dc6ade8dfa1ef41b10652d0ee6385abfb81b288bd41299cae0ee6234582511cf6e22e5428e7282b2ad8edad4fb4a6cb00b37de08b06cade08220b9db8ba99eadb92f0d94ea95d74895e96404b88d8da434b995718cea572800f7d873751fe2373fa80fcc43e9b28259731e739c1a0db89d162c41651dc62e9e4ad9b93718a4189a8db8b7294c1fd529b07171298e1b2ad55a6a4dc5eda794c21f813731c85bb3b0eb29d0038b7ed0cb41a0db893f128f49496e47738aa79e91ea38c562a65221ac46dc7119547ac47643710e35fe5502357acdab9f2b823c3fedb988f08f7db4d6e772a1cd50994179edad5d28daf724c6c7bfca807bf18d88acdab9fb70985abf171dcae992ab2ca550d36bf2e91b1cff2a811abd66d5cf99c19e2df6dcade080455262ae51b6abe55f5314451651b714f9eb37a70da0953713f1b4f28d6f1b1cdf2a81ef1b1159b573e770a7f33ed06836b0cc08829012d6dacca8a598f011b105eae63a69292dd86da95022924f2fa25136a8b13c237ea554a62ec656aed54f1e0390d94312889f15ef1b1cdf2a0fbc6c4566d5cfdb87d1a8366a60eebd6a69e2612a638e94c7dcc662c6e4dcfd2f02d7461d0c6655d4811b194579dfda363cfca9fbc6c4d66d5ff006fa72bb2f8588f68493aff00c23fffc4003811000201020404040502050305000000000102000311041012312021415113324071223042618114500523336291525372708082a1d1ffda0008010201013f01ff00ab1633499a4cd26699a6699a66933499a4cb1fd8c293348961f3ed348845bd728f477f5ebd786f2f2f95e5e5e5ff00665df3390ceffb52ef0f00f9dd7d78de1e01f386f0faf405ae2588cc7ce5a64ca82cc7d7a1d33e1610d21d21a4d3430e92c65a699a4cd266932d2d3499e1b7682918290ef02a8e91aa01b43ceffb05c8da0aadd79c15966b5ef2e32d23b4d2bd84d2bd84d2bd84d23b4b4b89ad7bcf1561ac7a08598ee723b7afe8382f95fef35377335377335b779a9bb99a9bfd465fef95e5f310edebc6d9983e79dbd7aede8dbd7aef190dafd3d00812c2ed0faf5eb11fa1869a9869b09623e55a0a6c7a4147b9965511df56db4399a883761010c2e0e55abb23594087135bfd529e2c1e4fcbef01045c7a65c95d960ac3ac0ca7acd2bda786b3c21de7843bcf04779e08ef3c21de784b342f69c87610d541d6362d07d42362e9f7261c60e891b1750f4021af54fd50b31dc9c92a321ba9898a523e2e4637324c2324ae53ca661f11e303cac47a55de1e0048eb3c47ef3c56fb4f15bb086bdb7b438c41f52c158917169e23f78ced63cfa46ad5bab98589dce4782e26b1de7883b4d665224def0c73cb2c135ab5bb8f4abbc3c779518b3b34bca359a99feded15830b831b63ed0ac65b7b4d621aa3a4d67b42cd399e1a1b34318dce54db43ab763e88ba0dd84388a43ea9faaa5f783154fef057a4db3f1d76d34cfdf965b133c4128e24a1fedeb0f97f193ed3a99d4fbe5d2087828f93f31cd87061db55143f6f9d5712eae5401ca1c4553f542ee7763c54eaba6c7f129555a9efc38a7f8c2f697119ad780cbf2983abae901d5794a94fa8953ca6032fbc0794bf280ce5711703a802cffe21c352536e67de6941b2886543cedc1806ba32f63f3b142d52fc17135af79e209e2882aac47d883289f152e37ea21461d323c85e39d4c4f7caa1e79e0ea68ac0746e505263d2623045d094f3768bfc3311f5695f73ff00c9fa41d5e7814874956c1cdb3f2a7b08618c6c38704d6ad6ee3e762c6ded3c4fb4d6d2e7bf10244c2e2cd2704c5ac8c01bcba9ed31a5528d80e6dcb230f33c186c50a9411beab58fbc3558fdb230ca9e76c979b0f7958ec2186553d3245d4e04aeb6a872a6da6a2b763f3b12392c3b9f9581c458f84db1db2c4b5dedda1954f2e1c055d2e699fab6e031fcedef953fea27fc8463724c30c63737c958a9b88cc5b739d06d5450fdbe6d71fcbfcca9e76e05a551bca84cfd2e23fdb319197cca4700363794aaeba2b53edce1e6498654376e1562ac186e223075561d464618de63ef952fea27bc30caa7971e05af4d97b1f9b505e9b7b4ade7e0c29be1e9fb65554323022f2bd1f0cdc6c7830d53f90c9fdd939b0ce9a6b755ee6544d0e57b67fc3ea5d5a99e9cc430c68773951feaac30c7376c929bd43655bc182abb9227e9d475273c135aadbb8f9a45c11311b8e0c09be1c7d89caa1b21955755323830bbb432bb74cf0d6562c7a4c4b23b02a7df3a353c3aaadfe61371f8c9a1ca87f53f10ca86c33c253d1481eadcf27a61bde3d0a9e21010c5c1553bd84a5835460da8923e762873ff00c8f07f0f3fcb71f7cab3dce91d27487739e13778d2a1bb9f9184a9ae8e9eabca30b47d8e78340d508fed9514a9b1950dcdb2a549aa301636ea7d2630736e0c0385f12e7b47ac4f25825e1dcfbe7841f031fbcaad653f2709534551d8f28cba84aa08be78107531b748e81c58c1824bfc4c4c5a1497641e971837ff008f061bce7db3a8f653c14974d251310db0ce8e1deb5edc808b804fa9898b87a2bb20fcf398aa5f072e9c145f5d25695698a8a445c0a7d4c4ff00ea2d0a2bb20f538a1c87e7830fcaa084c6702331639d14d6e3b0de318e753139e1534515fbf3cc80458c382a9a8ed68b814fa9898b87a2bb20f5b881f07e630f88fbe68da58186b31da124ef9aab3b0551ccc4c38a74b48dfbcacd6539d2a6d518000eff00b2551746957ce78e9517aa6ca3f328d04a2396fd4e55f0cf51fe122d1702bf539fc45c3d15d907e79fecd895d3508e14a352a7954ca581039d437fb08aa14580b0fdaf1eb6756ee22ab3795498b83aedd2def17003ea7ff1130d45364ff3fb7322b79941f78001b7fd91ff00ffc40034100001020404040602010207000000000001003102112132102030404150607103225161819112a17213624252708290a0d1ffda0008010100063f02ff009a3b8275c55aad4c1704eae572b8abcabcabcabcabcabcabd5c9d70568567ed5a5715785423a15d506176f69114f35e687e97962ea5978951eaa60cc75252de2108831e7ee9f903e4f0fa05d5d8b264c993262993264c993156956956956ab532e09d3e7a09aad156a8af0fb73e64ea8532b4ee1c27c6aadc85785fc47425a1360f8704c15a15a15aad5685685684c1705c15cae5714fa9e1ff11d490761fea3c3dfa93c21fdc3a93fab17c73e6e48f328c517d73f8bd1797ca57aaaef6a70f2c2aa70fc4da5020d39f4f0f5550a9254897056a63b46c5d3652545e19671d07429d32b4e0e17f85326c38ae2b8ae39b860c532e09f47fda79ecf2574dcfdab8ab8ab8ab8a729ce2da2e9b24ca8bf8f3ea657c1b6ad83e5af942a099c23fe3d0150a855b999360e55cae572b95cae572b95c5714cad4d9ea55064f17b741d42b552229c26c1d3e93ab82b93a62adc1f47c6f8e8c74e55c55c55c55c53ecbc5efd4919feeea487debd47fdbc7a00f23325fd38cbb74015387eb7f55e5135e628e1045ea3a07cc26bcb126ddd1572f87fc74e65392a901558049794fc73191c5d79a14f254897056a63acd8bab72d4aa604af0bf88c9555f102e2550d7d3243e18e3539651f987ed794f2e9685c70b55aadfd261f4b82e0b87dae1f6b860cadfd2b53274e5366a515709c74542a086511900a9e1fed700abe2155c92f12a3d78a9c267845166982a5e209fba9c267d0eea90a7015629ec2709928a19798e77c010a7cb6aa9555195d704cad298e2e9d3e369fa56156fed384498cab7eeb83e352a8759b07cb3c90f2faa697654895ba558a15ebf0a90298cb176cb3c26341b07c1b29c92c9143cd1b074c15aad569424d92615ab82b95c734909f047df16c1d326d59e51efcedb2360d91b16c1f06d73db441e753552bdb1752542a78d4e22b8045493eb45a50fd722ac415ca90954802e0aefd2bbf4b82ac194662be17be10e050eca1c190c61470f9c4228a08a28208ece28779e6324ea90954015cab11d4ae8d571c6aa243b2870f843007d57b0c7d9096011450451430ae4a09afca2120a90e0fa63df783b6ce9b81ab099603c3ff002e69e803bc80ece617e436cc8647c1919e687b28a23c02311e2734b461dd8efa6f83264d9bd5560fa548fed5220532b4a639679eaadfb5ff00984d3af5ca73043c31c5f34f4a287771657c1b5bf1c8e53afc728d275487ed54eac517d699ca3df7710f6dacc616e0faf42bcc49c9e9a411f534d303d50ca0ef08dacf1644e59e93aa6ac3dd7e3c21d47cd0eee3efb67c401940d29e88cbf97a29eca28777f1cc46539a7aa3df7709f6d1a04cb82e09b7e728cbf39a5aa0eee13efa3177cb3d296c7b627b6519477cb3d787747462cbf3a474a5eba47b651961ca35e287751f6d1f8ca3be91d297a684d52aaba50ed267d391c39611a47be32ce4c93e7235076d764caa5326de45df421ef92689d28bbe33ddcf11cb22d0193f01f39067388da8d19e5991c9c76d3941f79466388db0d0a200265538372880e88129992a9a6a1c49db0cc316e59f3a27540c40d1a04faccaa706e6116d8e033bec19373423db446bcf62caa5555073923df4064ae87b632d6755541cf62d0099574658f6e8ef8db77ccdd1109dc32aaaaa0e893edb6aaa0e8e975277d3655e9807d33d06154dd3446341854a6ea06ffa4f7fffc4002d100002010107020603010101010000000000011131102021415161718191304050a1b1f1c1d1f0e16090a0ffda0008010100013f21ff00da369af706aff23564c3ca6ee36c97b8ce7f407a6ec3fa88ddd9df607dc9f727d89f6b606e8fea91b5ec85f4459bee89b3259bd2c466ad395fa281d6c3e4abae1ffc2d6d0cc8c6e8922a8c36dd5f9ca6bea565392fd19fd6f88a28de947ebeb757a19ac2d17a24c1052774bf623acca35eb90e0aa24e3e8b54637899e8c2fb70257adc16c6b213c26513ceca2763a6cd041226e303d9bf9f5b52b037663d619913e63eb9a80b5d7616823f93b38d53766e3b1f406e3b1b8ec6e3b1b8ec6e3b1f5c7d01f487d71b9b36d3bd8b684b33b8cdb1a3219688289edb2931a44bb883148825242c7adf5a8b5b31d054cc8592be468d7c333dda13aaab1410410410810204342042c41041040d0d1055a11b24ca26483b5317c8f9c4510940ca6c8b1eb74b512a3ab29bb301bebd8b092a4f71c331167ec641d96987df1b7ee6dfb9f7c7dd5b8fb1da3d7ec1fd0437e71bbf60d956f0150ca4ac2c27fb8f5bcc5656f43c68ab1433e41615a7c5eb7f815957c4f0a7cbaab1433f312116deb94c7c546d47975562866346beb8a05285d9abe14793a2e55629626f9f37ae2c8512851b8d5f2a475f2545caacbe0c7b5460961e73f5d4ae18327d3142e357ca91d7c95372c981701622191a3c327afe0dc5aa9e65433d1ff0cbc701de046b91035aee0a0abc92602a01726bdbe0cb8b92bec7642b911c8954bd508acd94a7ebb962e1d4accd61b987397b8d55d1813553ae24a6af6351ba31ebec1a91acd58657e24a251d1d846c315998f3f4ff0004ea778b5bec255158da4a5d8a4caa3835f5dc564a8c686e2e5515d44b572859eafd859e099595d0cd75cfe104d93a31b3fd336df73fb33786e0df1ce729fcc9b3ee356836a347d91b7b462fdd93669ee6f736279124a8ae55df41dc46c8f4b3eba23c0ea48328726109e1a31fa20a034fc085a1d59f6c3ee59f687da1f607db12ff00d191bbee6c1b030f01abf4343bc6f385b132a8ed982308c7b4ff008f5d5a8e96f013d4820804bcc2d9104f24af230d4e137d0de9c6879c1e94f230d0e58252f41b4af254ea2063d4adfe62bd7730b898185c04af1ef8f3a7c624956d0416c26ca4a39fbd81b83fb83faa36dd8db763faa27f539fb599bfdc7f6643908688343434406ca622db0c567ec2ac3565066171f67aee71712b8c1c621e13e51a038c079039c4740cf63fc064c553ec202d277135af812b51af20d5fb06ac821fe0c886806f4437571b6eac5c2eca2c2637f2bebbf8898d9d170ab1dd4c2c5a83ec8fb43ec0fb03ef0dff00725ebe150afc1707dbebb40854ae8ab1dc4cabc8aa94abf25e57e3ebd2990aae1563b8995f91552957a5ea3e555df7faea4a2a0985daab1dc0fc9554a15dcd80fc7a2afc092492545ebc89731ca0d5d6ab1dc0fc96abac84a5b275b35144989b1e8f4f5fc7e0cde29e24dd4fb8c0f1c061c4ec7703f25a8565292c90a60c61b4f4321faea052c9ac1a36457ebd50437621e0b5d733299e8c4abcb8c4d7586c6b47e4b0996cda8ff204cf17124a8ac9d0a84d41238de1bd3124aad9f1b17ec52bb971fb3d951e22ccdd55f4f66e44a680ea269e2aca6f762266121447f609de7fb8f71d4d40d4ed0d35312f0a4e86e8d8359a397b21687ebfe8b3da5c0935c79b53cc42f0e05674260247f1617104b247c5b73f0521f12fd9975a983b92231ec05acad2c4db269c32313b825cb7b66bd3796541ecd962372ca03e856f077552025e69f2859a9dc9eae495f68949265ee47f066e86e07f26701fcc3340b6fc47a4ee63c8ba18abf11c8e71f9124a8ae259cf0374af9133966d92984463d2649e627690f827804b05a21dfbc531f12fd9f10dc7c0c259be6d4da69a70c86f8a3f643fa0da4a59a3ede1c2b1316a22c4261359a212034548934f4b4a9ce8de4827280c66685b884d3a3f28d593a6249d47ec6689f6c0f2531ed1e22c2857c393d61cf8aa255233b10842127041509591496d0c90946bd2b38b898025143a9adfc8610c5c895849542d46ba92cbbcdd63fab2108ff113cf6370da1b63646e91dfb32720a4a7b64b917235d3d247c244a70c04648f931a2d2e10eb1fb9026684422f0ccde326d185c23575c43522d18842224ee38261dbd2e98d9be018749089adc79d36e1a293e7033edd313055c39c08090882081b46ba47e641467d1fb19a5f381de6acd10ac6368aad542644d2dc4e6216a54b66114e2a84ab5c6fa75185a427cd059ad89030544ae34bb7621092d22212b8c0eb7a590a95b186131b0c2690db546c8466e09b3f79bdef6261d24b96e685ab2f864b906ca4068563b84b692ec4caf2418d3390e4638ab1a115f0a04ce884e0b39a167b096124a212fc06ec4231b65dec77a55228b4b84c4ec37f81fe0725a0c56d60846aaae0c5550ec6f0c5c8d35b0cc966a322dd39288253c7066edc2339cb1268a7031741a6aaad86f231555e034728421114aeb9664e4421acd7a4bc50b51302876cd63cf943fc1ee6609e207ec63c4e112c2661661dd911c8530788a382212b33bc4bd560570a1b58b04e6e8425aa4931654b702f2ba0f2d8f919ee0c68ea46988c73605314c7ec2d486eaea51c57c068e010885d877b837c3d0a9eba9aa3842d51ce064472e46e91e83d2761b0ec12ea9fa1a2b863165c953b5f81140f31fe07fce83a0e9c90f2ece4c49619f08eac5ef21fc0509565b227d9f822a0486a44f51a86d3c874ebf93df14ec14f61e5198fdc655c8fca7b817c02a7143a7063a7518cc6b3ec53055cfc054d4e2c42318d6fe075bce23c1e46657c2335b9703147ee6795c6055c72fc34c4a62e63bc4349a7624af050c7f0fc0e87e4c0a10c4109a95351608cd5083a31d88849c0fe01313443cccffca5817cd0f1b2162d3880c4e478462ea61a54998fe07ee32ae43f659ee05ee215380e9c199476256430c626c787bfb1577829255e4811fb06da421d538844421e97fa9cbce493f27f9f92c054cd12d6e56826f5b19cac31b69547cd176136ecde136992dd49231ae364b889b267411b74ba0db7576a94638a9b136a8ec9749b1b6eaee4bd7b92ec558596a662c8c9e092f97621084429f8172cc9c89a44d67e6fdc1792827a7fa28a65671910583c39c061ac31950a9716043bd29a3c6c86e88ab705be17455947932c79025d79878e50098caee31bea210842cb484a0d1e0f13c3b79b99da28bc0db27aab272dc923df1b64ca92b2409b49d4838b49b9a0066141bffbbe44f5f0d0857b7222f1472a2ead7a2fc0e2c341268bd426d6384095963a8865991bc60ea5f61e1bd696211ee2f6156c89098e3e0ac421089763c2ea29f37c471ecccec93267010cc72982a212fc3c88dd119ae971229de12ca03358b9ba90bc069566b37a2c4632b719dd8e03abb108afcddcc98345a6382108421104ae3709b24dcc6ef1635e6f799ec9827c96c2ccb52aa9939dba1a92b9427512c94db0b511287e050517491fc88f015321a1d22a583dca9f36211f25df7e8c0af25d6b62108442e887711a804cdd35764d3134d26b3f37b0cdaf2b93ae7b906934421d42902e21610c9b1084c1f47855c43289133130845165d5d88453bbec860c7811d7310842118a66eecc5e0a886b37933d1476f3710e5df12879576a1827e4d9322aa63d6ddda8425b02f0a14d57e42bc928f4246cc6ab62108447a1e9e271273e6e077aa3fc797b129b13b621132ed8f873cbb5caa3e2c4215e8fde5621084429f6f8b06d0d79be64cbb19fc0a80f81374f2cdd0d3fe8a837849d491637621104f5f125b47894d9f13b10847b0baf878084210b2d21283478b0de4d3134d26b3f35c521dcadf80f85cad6312097510be06851eab5092d222125a5d6d24dba09a4957b1ccc5367b9588423db5d6c1084211d33c0de21a5e99e8a3b79a936da7e0cf83b2b58cf8c32446317dd09758ac493d2f2912c589617e5b563f7d62108f617685e442108825d7a5586733108a1766d339efe6a05bca9780f8f77baf0ad6c6247818792c562277c6f44265f731d275bf04950c3165ec4237c3454b10842bb49b3108446e887719171233dc4a09be06954270f34929ad5147e0346e4fc5de2aa7bd8d0d781ef42b111aaf370a4976a7388d64dc78160a2f2ded1a824431ab78b10bc022108c4f377529bb6db421753e0d27c8efd66a4e4a5048f3703de2a2bed0dd9ef710c6a219adb13b18938bfef82b18cf4790c49131d88456af39c42111e1e972b608228a51268274121222c42f3506f43f6285f4e19a34ee22bff0032244ecfb2bef2edd8ac41baf9049619b23108f717a18c39a50910374ab8a5d3118c01100ae42440911e7a27ea69bee8c4e51ea86c5a4dd8e7fa0c48acfb2bcf0ed15a8f79285b71d888f717a451c141cd282a6220a3bf51dc8e056aa792808410410410410479fc0dc68cfe0348b2113c9181c1a10d8c42b2b0495ee6380ac42ba3e1cabeb2ac390f7daf658b84314cb210d810a05760820823d0a69e8857e061e5b5da88db1bf87d710be050d156868ce4603784db26be92c4889a342b429fde3d41705614f250111041041047a5748cf62a5e02c3f16b440918dbabbf20c960846c858de684dda08b482277f132114a4d5148457a0820823d29772642cbc04c6dac8208244ba2bf3af3782b108db55ea1d44105732686956d15c7a8216ccca08ac411eadb04cbc04c5f911020f78e042492857e8145044cd0941a15eec4410411563884f38405ea6ca7a45b041047ab27573dca15f4ee14e63308282b1d7c0c28588913cb95e6ee4a8a08a0825e047aba44f5428bf86689f062e482109188de3158a088571208208f5fee2467f2190aa208d0352259b3659594571da9217a9b2969169041041041047af7750afc6925ba5c1504156a6ca7a45c8208208208208ff804313cd10dad936bc5c5d1154b75288a1045f822d8ff00826331fe5e1d143ec725595b410410411ff18c672d7cdfa8256a119f3653d0810410410410411ff1ed1bd4854565412b108cf8ca4a8916445d8b63fe4608b0e434cf1e0a4a89564410410411ff003b041047ff0006ff00ffda000c03010002000300000010f3cf3cf3cf3cf3cf3cf3cf3cf3cf3cf3cf3cf3cf3cf3cf3cf3cf3cf3cf3cf3cf3cf3cf3cf3cf3cf3cf3cf3cf3cf3cf3cf3cf3cf3cf3cf3cf3cf3cf3cf3cf3cf3cf3cf3cf3cf3cf3cf3cf3cf3cf3cf3cf3cf3cf3cf3cf3cf3cf3cf3cf3cf3cf3cf3cf3cf3cf3cf3cf3cf3cf3cf3cf3cf3cf3cf3cf3cf3cf3cf3cf3cf3cf3cf3cf3cf3cf3cf3cf3cf3cf3cf3cf3cf3cf3cf3cf3cf3cf3cf3cf3cf3cf3cf3cf3cf3cf30c7ae71dfefb7d79cb0dfcf3cf3cf3cf3cf3cf3cf3cf3cf3cf3cf3cf3cf3cf3cf3cf3ccb8a01365f7fca20824b2f86099ef1f3cf3cf3cf3cf3cf3cf3cf3cf3cf3cf3cf3cf3cf3cf31632b79f7eca209a086392d922bdaaa5fcf3cf3cf3cf3cf3cf3cf3cf3cf3cf3cf3cf3cf3cf28a1c835fd15aa99a7061a6913d00c417fcf3cf3cf3cf3cf3cf3cf3cf3cf3cf3cf3cf3cf3cf2e30f56557cb3c23648d17d040ce148577cf3cf3cf3cf3cf3cf3cf3cf3cf3cf3cf3cf3cf3cf2d2238dd550583be32df5ff002420cc43ff003cf3cf3cf3cf3cf3cf3cf3cf3cf3cf3cf3cf3cf3cf3cbd3bfe5c4307fefbff00fd1b423f4b82f3cf3cf3cf3cf3cf3cf3cf3cf3cf3cf3cf3cf3cf3cf3c6ce845398b37eff00feff00e9d7ecdc85ef3cf3cf3cf3cf3cf3cf3cf3cf3cf3cf3cf3cf3cf3cf3c760543e0fb1bc79f5d843a0564e5bef3cf3cf3cf3cf3cf3cf3cf3cf3cf3cf3cf3cf3cf3cf3cfdad623fb8d64756727e37ab734944f3cf3cf3cf3cf3cf3cf3cf3cf3cf3cf3cf3cf3cf3cf3ccdd13cda262ef6f9ca738447b0d754f3cf3cf3cf3cf3cf3cf3cf3cf3cf3cf3cf3cf3cf3cf3c4158c4056659ec3ae36c5e7ae88bf3f3cf3cf3cf3cf3cf3cf3cf3cf3cf3cf3cf3cf3cf3cf3c5ffbfa84e6496cb4c75653c2c16d4ef3cf3cf3cf3cf3cf3cf3cf3cf3cf3cf3cf3cf3cf3cf3cab35fd6c63f0763fc9a7dfb292eb7bf3cf3cf3cf3cf3cf3cf3cf3cf3cf3cf3cf3cf3cf3cf3cbb9b7d07b7fea4164596a3f0267a56f3cf3ff1e15bf3cf3cf3cf3cf3cf3cf3cf3cf3cf3cf3cbbb3117547f455ee42485c8cd7558a25bae4c41377c38f3cf3cf3cf3cf3cf3cf3cf3cf3cf3cb605303a499914207c274377b3693368591ae06e00012f3cf3cf3cf3cf3cf3cf3cf3cf3cf3ccb25f52643d0080d1be59cff43851d3f20c54331ee096f3cf3cf3cf3cf3cf3cf3cf3cf37f80bc813f0ec7c2dbd7f7730ebba5a46d9eb059013a6305dd3cf3cf3cf3cf3cf3cf3c4dd548d3a1c965dbf8cea86b88c10c967e7c3f38710e3b8660157d43cf3cf3cf3cf3cf3cf3c719fdb82f950cd8b2f8a2f2604026d37931fe1804409497c20d57da7cf3cf3cf3cf3cf3cf247c8f7cb3df7de40c8ee107a42d577d86e737d6e895e4babef7c1cf3b4f3cf3cf3cf3cf3c9256f5f7df7de630c30c8e27aee77dd5fe39036ea00c1f6729ec04ff00a837f3cf3cf3cf3cf20b30f9ff007df783cd0c77addd95cdd5ff00f94fae5b98a440c04c46e2135df68f3cf3cf3cf3ca08b38ebcf790d956627efbaea6ef4bfb4400a54fef8d35e20ea0533944d39bf3cf3cf3cf3c01835127b8c30c5f5ab7237d6fd0fbc428431cd48ccb1b99e04ca431c0c6d04d3cf3cf3cf2822c6203610c31e21dd5ddf792ad880103bfd84c630736bdc9e6ac07d8438730d3cf3cf3cf2450cc6c12539ef95509bf3ae1794af31f181bd8f8c0f6816f6f0cc0d0c824614f3cf3cf3cf10e3410d35ffbeb7cfd729000c7e33f12881da8b61c11dcd04f3410013890c32073cf3cf3ca08a54d3de3fc5df6845968c6794b0337134201bf7228020c2c22c934110b14814f3cf3cf3cb00e04728100f7fb690ccdc9d25fe9d495dcd0cd1c00482c00850c92492461873cf3cf3cf3cf14918c1c82b4dd80fdd1a3852845e1f3204008238234624c18f20a0cd18b1cf3cf3cf3cf3cf28818d00d2cf644dc3e6217f3c82801833071423462062c12422891031cf3cf3cf3cf3cf3cf3c320e0840cb2d2ae43c03c51822861862c43073071802851093033cf3cf3cf3cf3cf3cf3cf3cf3cf0c300c27e3cf0cf28d0cc18d2092c138804f2053c02433cf3cf3cf3cf3cf3cf3cf3cf3cf3cf3cf3c61cf00f3c72c31081ca10e34234200c2430cf3cf3cf3cf3cf3cf3cf3cf3cf3cf3cf3cf3cf3cf3c51030c30c33cf3c800d20c2433cf3cf3cf3cf3cf3cf3cf3cf3cf3cf3cf3cf3cf3cf3cf3cf3cf0c70cf2cc3063092c31cf3cf3cf3cf3cf3cf3cf3cf3cf3cf3cf3cf3cf3cf3cf3cf3cf3cf3cf3cf3cf3cf3cf3cf3cf3cf3cf3cf3cf3cf3cf3cf3cf3cf3cf3cf3cf3cf3cf3cf3cf3cf3cf3cf3cf3cf3cf3cf3cf3cf3cf3cf3cf3cf3cf3cf3cf3cf3cf3cf3cf3cf3cf3cffc4002c11010002000502050403010101000000000100111021314151617120408191a130b1c1d150e1f1f07080ffda0008010301013f10ff00d5ee5399d6c2a4a70ca7129c329c329c32b3ad3a92cfe09245cb3bbf5c53783807cf34a0de54a7c8532a690d0f3bb618d1c4a252512a54a952a5128952ba4af01a1dbcee83bc31348e0128e251c4a251c4a389471e06389a79e8c4d23f51fe045a863a23ac3e9b885be7c449ab504b1c063f51c3abbc4b83abe7ef0df689ba183d41f882ea27cc1b6c1b447d65252525252527644354f7886d89696fa4469ee9923e8329428a3e600a1a69e7c88292c88d49f305a23f111dff007886a2414d1675def3fd267fb4cff699d77bc55d5602e82c174705d689ba1ed94d14ef1868f3fbbbc25c33c54d47b4ff001a74f3a39d3fb43fa280341ed2994caf06879f754303c86879f39dc3c91dfcfb02312c83e23e9286b2f1bcd5c5b79fdb1d6acf72652e6758ad7286811966078ac949b23d339fbc62bacde907366fb26ac75d3e8c78a46ce0104b720cb282a67bdd5b97549cb5fee22409a8e5e5b6c26b267c907a87e23a9440b4701dc7d21c29ff00465ffd4ffa33a68f48f48beff499fbbf31da1ca8b6f4a3e655a3bf7f571fa6762e7dd8826969df3fbcf8d42a54a1178773b434bbdf52008d02889348ae5301e1dc8d573bae4adbcae9861782fa87d229fac7a2f5c32d55bd8b9a4fad97de2a108e630e67bca3d734800d0f25fde014076ca2b7946dd32a54a82d8826d07bb03ccb4866ae0b1bdb0bfdc4fbe5e575a1e202164020f6ac33efbcaa8b110065f8310d649f0528cc7486e7431d60c9866c90ab445e99cae220899781e4f470d47ae1d464f25f1bc2ce2bdd083ea9f5fea52d5faff52fec1c99fdbc79accb33d25642ef2eecebf1328536b8e452a7b9b30204a417e8c34be915a67bc6b23962e5ea44a6b572cfbc32af5a8addef0e77b57bf5f02b3d04a03c1c3598f97d66ef45d14139bf7567c6f15e0a890bcbbe19310bd76bfbc4c2846ab2ec420cd3bfcc542b8a8a43b65f1152bb0efbcaa9b2d98174f522a81b45e8e2a221db2f896cfb5dc5bcbf502c3db399df592d78e9006619d0dbd66fd7ac128b73e0c96d8f5ff5f5baa87efe0a609db02f3812c3249a33261d6fc1e9340104e60406ab4402b401099178db4363e9ac1f2ed0c673f53fd219abbd83ec8a035d9bb1da8ec44916de7147391fcc1401a412c420501c783af49f472faddbd7f782819d2941e141292e1675d7a199dd0699c31ef04a162be768333305031d61110bfaad3da6b97dd000a0a9a4ed0cf83854dc0b350ec41063ba1e65df68f79cc5bc3a8c877fad57283edfec560f4fa44e59197939f4c2f2b9bbf4348a5d6f0d16cf23d9fd63b26d9f0f0b14ebf82199b10432a0c00342ee15428c78eee9d9cfead40e51f9fc477d9f0642970a5fb4cfafb907b1391bf020113275883bf53a4011a007b61aafcf8494cc0facd729086a60db3e0983aefb0196db63c75b1951ebfebead83a0f7ca2b1dfc152e87dcbc1a186f697c755d7af8032f908f53fd836ca02050180a1b2e195b2f1ad197b8349f2306c9f00c1fb07df01943cb9e07061d3ac7381d5c8960a01ef06c1c346e64fa397d5e9223ed158782c1e57e30ec1ce3ecd74faf832f71c39bd188335b5bd88f8e8bb3107754cbb9a4a013328fbe0d64d076c1e7ee41290c6e43914efbe08866f91da50c72ddcf2e92cf3bd0a3e606885379bf5af3ca7828e457d9fef0560cc6474fee0648ed3a62f27959999df19e37e1a207e46f0d127c8c48dc0af46044ee71284f32e29aa2ab66bb455556d5b7c9dfd84f67c17e6511ef51d145db64570b24341d31bb889f7942f15e3958d97a6b0c269b910658b8e7b9776bb100bf7398f0324df3fd4db570647c795c99c7dde019dc40c0b94bc6fe0aeb4ba3d2502bb626536141d233e41fd269e8e3f44b40b3727f78b04ad2ecece70402f7728cf747366dab832fb4d7cc523d5780dbe88e03801028df771bba7609624ae74c72d3965fa6bf38994cc80ba3ae606f1b675cccfe26920e0cbed15735f39423971db7431eba4d59b8014158d600336697348e09d01ae170fe08a85cd62aaab6adbfc1dbf6baf7ca3bf1d97c706ef697fc8e87e7ae14a28e451a91d913aabfd4bfa071fa22ab6b6f5fe134cc9d6ef0939278d5f6232e8fb9e8448e4ddfe2f9d7e060966756a694df47eea3748eaafe0976207193ed35d7f8db3cc0a6d5710b4af2e7ff00c47fffc4002c11010002010204050403010101000000000100112131511041617120408191a130b1d1f150c1f0e17080ffda0008010201013f10ff00d63a0ce8ced4ed4bee4bee4bee4bee4eb13b13a13a511353f82e80439d980681f5d0ea114d3113579e055794b966fe42ce0d75894a79e96666496ef2dbcb4b4bf085b2d96cbebc2a5e783abdfceeb768c268e1ab82bbcb6f2d96cb65bbcb7796efc48435e0eaf9dd1e023a70d518fd2210f3e743809ca3357d1389c45479f76cd0b22ca4e0999abea108c0b83794234e5e7ec8d639c364917a93e67248fc479efa4ab513d25f7969d89d89d8979de41b417b104e79cd81eb39ab769a2fa998f56fc4684ebaf9f743b411691e90da0f8446a27cc1f43eb882688f6620ea13a3f69faa9faa9faa253cbed0068110d5088ea627a5be93904ef99ae9da1acc179f3e0e1445a7301c0468bde01a7bccfdf4eae7efa7ec18a755ef2c94e0204199ade7f4e73e020cf17e89084d6f3eae9b31d7830e2fd121c172f3e1454181945f138bf44815a0979ca2ea135fe02329f1c999930f49a264e91d40911e0f8a9da5a694bed3f1042db0759a2c3ee9a4efc74b7eb0e0937383c728caef10de1d0095416d9a404823ccf2daded1c330838d98dd09f301c062da98eda7ac7753fd09fe04ff00021be80eefac0f97d7331ffc2176dfb4c503eb6fc46b6f6a7e6a0f51eed4c29e8959aa33b63ed3515dd5e16606e727bc7c0a4f46258d56e591c44ed7a9c98567137b37cfcafdae0a89c34647ac03f38755e9c210583df135bf49bfb41d647448b6cec12cd7c2758c79ce635f69a80f78501709564b972e25aa4461e428f28257d5855412aa737857b70c7a99f2ab1f1adde58cac7edd2e3b7285a539b539fec4037067cb4b309ac7765b069ae4f58dc058e88e7378f497ce5888e7c03275386e7631c3a0cbed06fc8e927bb5372f61625c9fa4b669f495f45ece3ef0d3c0f0c6dce0f597965583fd732e2f5a86d06ce17f310a4c8e1ed1335d61a58e50bc9b103e041b2f4338ed1cdfa5c055728f15cefdba780526b552f5f6f06edd47b98fac0a56d5ccdbbd809acbeef1b830638686ec904c639cfc7063c2ce485bdd8c082deabd21177bdc008e79f9857bcc76e52db3cf3220ecb02d5e70369dee008e79f994c79d540ace3e62d8f7c43ab2c1a1bf58d460ddf8a86947a472f3b3c1baf61d9fd7d6b5dc1f6e3710e64423bf0d966f6a56e48e64cd0571fd9350511da2b16816c56f54b196036e37f3ccfae93627789618f40ffd89059f71fba04d335b150e76f7600c007238a86ec57da2bd62848bca2aaaeaf83a758f533f5ad57fb598be50b748beaa6be142c699a76e8f521f304b2e1cdaf68e00353b73891d0b158efc451b358a817d858669543a4556d559a9efc39f7b80a3b8268bdd8a29a3bb2f0ebdb9edce62c6104e1d2a57b73fad63754f7fd4345b2fd2735dcecedeb2e519706bd5d6094d77f0dc4c65dc7e78bc2efb8e06cdff000cbe39b14711f81d5175513bb9e3bf741ee63eadc9d83fd4345d7c0788cf306bde62bfb513a4364af0200691b186a7fd8d6258d56fdf8319b78594c827a4d32818c1c392f57017da70394d79b8e15e1bc9cda767f5f56a3d4fb661a6ee1e0b8ed4f66b805215a24a0e85d1dbc0d979a3e8fea262122f222daaf3e086ec3d0e7112e6af4e36833ec1d6687b304e69f39950df75fb451cbcd8c1c1e291af4f794a93a196566d1ed12947970b7e563d4cfd5ea009053f44f050365fdf0ef1c40e7d56773c198f42689506ee2dbc0145eecb4a355e8e2c5e835d8eb2d51c36f88e934b353df81c3a28a5abedc2a5c8731db97022cc7dd2ea19bc18cf595771eadbf1134c2ce47d6ad740f05db4bfb9c04d31abbcbd10d16cbc4e4e845897ce4638d787347fa1ca22a67c078a3b926fd48983b3bca4d92a19ae260c040000280a3c9d7dd1f7f0556a1b435b437e7e905468476dd52b851b8a7b7ee5d3a78a9e3465e6bfa8143e8c04a669870ceeaa97cb5894fb3b43a72dca8fccabc8dd2df9f2b6db7fb3c0f0eff63122d4ba5e5c1e0de8ab7bb2e47bbc58b4a16bd61ebb6051fdcd7d3bfe497a46e3f12b818d23b5ad53dcc45034d61da12bb2184adcaddcfde6983cc5abd044ae2bba13804dacbd3a7238bda399f84a063f56e39d19cfeba7c717418628c4df0af286a7a2054a9caddcfde0060f39617612a1eae15300dd4d30111b57c6f009826a435bb99d5ce254a8a6422d0c073800005015fc1d3ba5fb660aebe7c553428e6b43bb2b393d4d7d3a703081e5be4c3d2ce82bf32bec3bfe48005001d3f8992a345a37d0f7650597a1ef0218340c7f1784b147a916a43a172a149eafc43d2cf415f2ca24177cbef34c7f1b46503652ea01400d8c7ff11fffc4002d100100020003070305010101010100000001001121314110205161718191a1b1d1304050c1f0e1f1608090ffda0008010100013f10ff00f68940b50265e3b2714f44fea65dd007ed81ccf507ccd08eb6fd4d18f5b7f715957a7fa89c8ba0fdc56bedf047fc73e229f347fd547fdccffbf9ff005f2bf992af960797847f500d7dfe28166bd7f541e63eabf4c166fa53f6cd27da9fa8dcbf51eea9fcc6f74c88777b04f48d1f6ffc2da067818be084f54c0fdcc8af916facf662d7b452d179b718ec6318ec6318c63b5de77686b380ebc4acabe57bd2268e6a53c352bb9b3ec38fe7f1a62e43f72dc7b40dac63b18c63bac63b8c771fa2cb211446c497f2d86af8deb0670da2c7f398ceb9e11ea1b4f5888d3b8ed7631dc631d8c775fa9c40e1acc02a8690329662383cce0cb820db93fbfcd3932e36e328d6539d338a769c11d499b0e8c63b8ec631d8c631dd76bbaa19b3997d31f696d1be911640eb6c3ad572c3617c217ae862b813f97c7f9b7ab1a4d65bd6ce24e0deb843e8627820ec1cccd7d180d5eb4fb938dbafc2a2735f24174ff3a42dabb24b7fc7e67fc18ffae9ff00591ff5d1ff00451ff453fe8a5ff3a5ff00225ff2e5b979f06cbca9665e8c1b59d53e65fa1d638c8eefc4e2174165199d88866fe223a9eab3223e211a4a63177928dec8d1cdbe3e0b96542e38108400300951eaf2afe6f03a99707930cd21ca978987b4f933267bbd0f999391c86392fdf5e914a41e7844e11f84e5ce5ce4c1e107843850e1438443849ca272094e12bc227844f0898edaac85d599979880e2e82cb54ceb8411a1eb112d7228952dce3f34003068144cb1e28fcc7bca8733c97f9bf52cc68145ce29594794786c4598333c1d93424e8a7b4cd03b9f79a7ef07c472e5ea265abd57cc0b3f5be603f3b0ff00513fedbe27fdb7c4ff00bc8ffb88e8fab14c83b3f317c83bbe6274ba4ab83a7c1330ecd1ed3327ee99b1eaac763063344d1329324cb1e28fc84e417b5fcd9fef48314145ce2c122ca3ca3c0865b1dd0187d8b1d9d3344d3324c9141628e5caf03f362ee0e286a4b148b28b299086c76bae6682187d177d996662689a264992283b038c72981e3f36303a4c6435d916223ca2ca2c086c76354d5b19d1ce1f45de63324cc4d134cc932c701cbd3cbf9c167bcc460a48a8c7891651e04c9bed991ce1f558ec761989a269992658a0e1e3fa0fce5f066632b599ce71541624594781326c77533beb8ee9a2689949922c195d928d4a1b35c17e5597e75cacf458524539e98738abad1651651e04786fae64cefa2eebb1d997334d1344a0632fce833d7cf421a5423386b6f17d3f3cb58b1100619a3012ceb05313cbf538326aa9f0c445bc95ef1814c083163dcd9d33369f558664a8c1ac0e6a81306f037ead100273076f83e661177a7e833989e7c5f1300b0a73152cf8809140c91fcedcd5c0cf9cc3b950f520a363290470317ac03d8098899e6bf82a1e98007ea1fecfe512cd741f7a87a3ef7dae6a6bd70f7993374621d6631829fd0bdc43349c26fa632d724eccae277a8f0077b86652f8d7cdc5aa59e0bf50c5a1cf07fb15f6e3292f8e6ec44981116e3474205229dda8401d6eff003b57518285ca4092d1793df73d0c94d17d07eaa1fd397e51f94e88fc4cd9d67fab9aa1d15ef0322fd234ddc0f66676ff00ae71d02ee8e8c1ff0050f8887c87c447e43e225af9c43fd44b47ca25fe93343b999f3e98865bea3ed1be63c3dea2e457a1fab9aae82fe12ee63a01f300cfbc5f780500700adb9ccb3be0ce61261a082484abd5895cb0fceac859a3873988c6338c8fe2fac2558cf898906b3393be83984e5fc42cc83a2902c87f8e32bfe2f59ff6db296c17e7e64573feae71b66bd53fb97661eb8cff0098401901bf618acd10bdded00ce5e6a87a07846bd638852f365699c06485839b31afe4fe7561d6c1276e1a317c0d815c60330a3b98fbcd70bd3e62b9aecdfc4e81d99cc3ec2c33653a20afa3282e5de42713de9a87b61338d9c55fbc332366ec62640b5ec4186f2ddbe6066839ef63496102f86679fce86711052e72b42f898314a0f2c3ea4231371c2f4832823c1da19309cc30ce7861c37a292fe18b322f12cc87b12da28e00fe759fd5f99fd5f99cb7f7ace3fa503af6443517c1fa81e6ff00ce103cdbd530c8f86e1941d083c369519a118a56e58c47001c57e2303c84c1f328dc7d0c5eaeb2f08f147845dc29797fcfce9f44c64152c04c88f8632b81f90fbcc5b179df46501e903d953d412fe51cd5fa0fbd40657dcfb4d403ae1ef19978d1390f30ae30a8542a6130e314e310cc4cc03b93380ec99d76dbf699327a282cc78223fb99911dab9ec630f688623d58419a2689965e11e28f0659cf9f5fce86118882a1e38f28f28b022c25c71c51c0236416d35079077607979929f9f3fede7fdbc5b3f2e2f9f9517cd3df6bb8c6199b1689a2652691e0c79ceb31f03f3f9d163a3319829a3cc8f28f28b28a2c735fd675eeb1991b3689a23c09a45831e73af13c0f9fce8b1311873738f1116247945945f5b55cbdc62c6316646c1a2689948b84783281f262f1aa67254790bfced8910424f158ea91e247945947b1eeb67dcb97b97b576b1665ec9a2698e2e128529251fa9c9cdf4808000018007e796040e5cf942e913f51508f123ca3ca3971fd2edee5ecbd9718b1664cca4d11e51e1158003158665809ece12ec4d6eae36e4e9cff003f75748c2405147991b4f0b6b68f4e31b40519894932e656cae3dc79b66f65ecb972f65ecb972e2c58b3199948b295e2715a9d4b2c886ac70380edaca8ccd4772a2685022662447b37faa5bf9ec6c5052b89841444692021860641de297fc9ff006733cc71fd59c43541e0e0c03aed0716c6597b6e5cb972e5cb972e2c58b16515072d7c4c19af37021867e3fb708bd95e4dbe582d00431859c0f582ae282367d303fb5a28097c08347f84baeddfb62b9e32253bb84be935b700f6f8fc7b2b2713a33118c2b7e4e1eb0010472484aa150d303d6120c7131f4666c3d5f75901b11cc3d454d29d043ea4367db47d984e43ab258c41de0c9c63832e5cb972e5cb9729c662e49e85cbb2f1d7bcb387aa7ea7017afc4a5a5aea3e0b65d9ce784fda28c1f81b7cbf12890be2efd32996ca903eaf427859d5eb0c615cc151f2940fe1dc5009c56897f8934b3e2d2ffc4ffac0e9f57d378f6dcc2313038300eefb46c85900c4bb6c78c0d88d23c99c0c0ae03f4cc09531c9d43f1a6f58336fd47400cee322c774b5588c0c172dcbb4cf2da28d8a3c49efc9bf7b99f7f234a9a8bd11f3321daa3ef51fdf93dae39f2ef3f51d1705b5f3fcc7fd0fcc43e47cc4f5f2bfb89643eeb1ae41ef7ea23a9e1ef512671e1fb88c8faaf88999d327dd8bcdb9143d0b80e7dcbfba01401c0c36a816a07396f49f0c5eb064138b8c37a46ab72f362dc3ad05aa9eabc88a60c8161e90608ad016038a91b611c1bbd00f7977e67f7338e1d28f8a4b0138ab7d654a88801b11a465447269ea7f187b882663c1346204002d5d022dc3813c308f48310ca0380ef1d6364a8f09b04a4ee4e1ade59ea64ce2fa2b33a999f8bb0eb65a598326190175b0c8595221cb49a15e9845e7dc3e2e64c3d1bfb3bace2d4b3c313c13d71383d6132bf2facbb68b9aff00880c15e911c891ab1967691e5846d5adbc5952a04a952a56e0c11d4733826a4e6110e59a9c46a1867145b093295b4c5d658a57a13543d58e26e5d9a9c1e5324409d1c7f14709c6417271b89d8a9930602590e197aa5983c056dc322bd48acba25ed38af60fb5474bc83e623c5d07eea39ced17ed11cc7be24cc1d51b27fd49ff00627fd69d4f4165b90fa37ea0999e88f7a87ba14fdc325fd8d0827a2a5ea9132548264c7426644e287aa46ba2780133cbd56c180b6385a1e057fb0540269afa4a952a54a952a54a952a5405c89fa3113987530fb038823a6da83da2da5cbae06e5dd712bf67a7e2860f498882adb2dca9c9310b3d663a712c0f0d931a3f815792e39847167b3182b575c05bd605549b010101c272096667c44c511c5259d178517c133f173be104e1dcc7b2e641d307cce7f31e044252135870c6482f94a1c3c4a8bee254a986b3357dea58abd6dcd2acbb104a320794a952a54a953331da2f87ab5340ba630398f499117ae30d01d096f1dbce26f2c5b0c466b287686e620724275c1fc50c3b4c661c68acc594c8995b1bce2e159678c7445b2af1e0ccf54f10a7d265bfbdfbdcd087a87eaa05693b90591dbfc435fb22713d1f98a88062b5e26a538e4f6952a56ddf09c135238005eab32a761f99ac8e804ccbf711608e3ae306518dd4a397dd1a35097d8e67bca0d3e556b528350b506243103c266c3da6a43ae1346bd60331d0a9c51d59900ed39931dfa05e05c1bda5ad643d62dabb6e501700bef97afe26e0b2f5988cc05ce2f5479459400c60f452cb79fed165d3b0ab1504719d8f498ba8718b17283022ad252d21c9956265ed2a61dc2ca81e40c666845d8f721c44182325b1e531b703be921412bd19890173c7d220c70217342737e228173a5b1099c391f10d02f499906d0d634e311290ebf42e7c3d8da1ba9c62717773c631d46e620c02747f0d7165c3612b631bd63c08b122ca600f5ae55ac2b5bbe96c4f727bc597446e157fa1c825011b558322f9ca2b790b7e3bcbb20181c3a04d61b32af4480a42b01ae0ba4a1b1788b69ce36c695a36bde0b54b3c753824459635ea468e75eb90440d24e1c73eb2c5b1637a38716655b10bc2c7a9c65e34b5586179df7893064c645c033a8b323505ac22060dfb415a21acaf9ce8135443415038badb16bf831983a88d2b31317eba10d648c70b3c4bb2c0317431e9aca4d24ba7e12004acc09df49405974d07179f497071f219af682e2e9749a7f11a141b05077ec5d1e70d83310186262b77acab89b7a0f4fc1785b48f89c67e0cfae53d53c0fdc77ac1eca9ecc2feeb3441fc70946af5f827af1a3d922e5171fd4c34153a08f023c63ca3c7862bbadbeb1fa8f48f07a63c3d08783a450387565e18ec4590e35cde715e2b8c066c90facb36676dcc41c10eae135e4145ad15de38c436e0612e259be6dc10458e872878ec476b338c42948f69eaa0bc88bd5f68b174fb402edd62c3580c4100e0b754d4fe071d98fa7b01ea3dd3f81c67f138ceceede6392691c7a23454c598d391f4075f6005e39dec198f33f6efe34724275c1fbc288ce56abe932a5f05fdd425f64bd972e2879daf726624e00f6173d76c7df6d4a891224489125c90c201ae4cbb90902392631601a975cc74eb03ae7ad35e4974e03865e75626c75d23c30783a45051c014bc3831db70ccc6bc318587911b472046b5e90527f60e115621a9c1e4662c727df32cd63743cacc9d4c7d547adfd4fe2e502054c8682be62ca43af3f2c0a6a55f33934c5770d1e35fc9011f1b38dad7b12960360abe2eacfe0719eb9b19e813f81c67a17bcfe2718529e777d5c3bc5284b30bba7bdca66010ba692a392f02e1b69d147a27ad55ec8fab80b4b5740bb9906eaabda6723e47ccccff007c25a18e7eae32850c82b7ea0b805ef89ea7de04cb4439528fd14891224489122420bb6e2e4fc30275866b9ca1fb031c715579c71355932ae5c361c521838389eb0afd945f1aa32028b7618381acac148a11c5cef1b8a2d5b2b383164caf672465db842c4471328a00d0bba0ac78c4f8bcc20d3feccfe6b4c88c4260b40e9991d982dc02b4d9a118de438ec5cb60d9a918de558c146caca912c62ab6d654014133987588e4b8b14d039d157b1eaccd59b71cdb83a194c64bae7e3210410432c433c0fa19ef18ecdcc73802747eef0cf9de8906c1ddadc4891224489122460e5675341c18621b22c56a231462ae015eb01c9d828e65667cc23ccb842734df48adc32c8dec0868bbe7b06522f00b94ba899ee850929c7da39ec50cd09a92e037ed0d93b55ef1196756e0a830aa037b09e1ecc7c69cf3ad3bc6dedcb9ab8208208a218ad412b47d1b82da6fe83d3eef9cbbb224ce9be0b90bd20daceb84354bd61a89e84a745de7f459caf9629fe988c91dee6917accf1ae263121ac0851aef0c046642ec86627c557a1535e7c0587a1ef3232ea9ed1fd90ee93d8d3f65cb489aa9ee25c184266da14eaef8f5517563a4f5a567a17005547001fb8f597e262f961530ca78f5960b00e457bcb9a4e8b0eee519c4b4e2b0bd210430e3726dbd8ce922f04cff000f6a3bbed0d810412e1181c3ac5b6f7045412ccf76e43903df07dbeee87a83c06641d865bc550d4a757e201fa0f98168babf103f50bf79cea96fd2cee8f1259a1cc3f72f2dc4cfcb86de73255d14d42f507f529d4b145344b842138e356f57e850bae4ec5111d45e9303adc4c7c1f33d006478206427ae841bf60b07165062d011ed6fdaa3ce7b020821b49c73717bee131905f88c873dd282b423df13d4fbbe5513aa4294bcacb8214615c229cdfb2b530d6e8d5e5ce5e85250291ed11cc750fbd443de87acccc7447659c70c0ed2e0ec58595dbd08ad5fa01d1ddc56ced17c168f028805187221116abb7818b1c2dd4c7c20a33450da7bcdd365c4bd655a8ebfc4f10cf604104c7c6a3da2b771e977895a04430d8e1e77731a33b371dab009d1fb8bd8d64c4d63c6352ec1e38f9fb40407250e0f9348dc2c4b183664cdaf508316b3018b8194714bda52ed707ef7ef60d366702c23c3598d1799c09d5a5532e63abab1457d461b53e477717f46333e5e578fc36820866263e1dd44c0859c0865375a32bdeb81b6cfa0f4fbbea77f8758afa3ed87dae58d6ac2cf6671cc05c947c4329bc3ed10b55b809960672e0ec68958733aebb972f76a53034f5230e2bb161da6ac36bef3df755e66038b587ac6d550abaac10410460f571942864146e5edb97b9631c83df07dbeeff8aaff001160e4a7efed7bcb9acf5eb14b9de1747425c5b1764c313b45b765cbdfc2bc6afa88c383b15759ba70f4e5cb97b281e21eb70360430cb98cf0faab49c19f73d4fb876d5fea05fee3c0731f3f417444ce8b5d668ce83f5738e3ddf88360aeef8990e38989e9044c1fa3523897e271faa8eaec062d9b379bc3a1f52f41a2ef9cced8b4bfd56e3a661dd54171f69768218a418ad412b47aefdef367033b371d0b009d1fb6bdacb38e7c1fe4781cbdbe87498f22bf518ec1b8e4c16af3b196e30753e82d2b9fbe1310dcb14583b2c066b4779427201e375d0a05ac30963bb72f81a9db5daaa4fe2b758a1e4ddea6bf820821865a9981c3ac5b6f7ae27a3b631d25bd7138d9f4fd9bbf74ff00b55fb8b07313e855c63f85f98c760419ff008a61a482437ae66749c355c3a4bd8d1314e46fbb945bddc15291cc31663372c4de4111306708c70e9a6c23f930dd78039375770fdb60430dd41d752defbb5de27389c90e8459c67ac531611df42bc6ede0e41f43edf6cee7584f05c55d6f7fa1507fc0918c630b803e832f194db93975db72f6b1d2e08f0c1d9194b039bf0d379186007762cb98a19f337ddc8014ae52d95c6cbca2e085bcac1efb8e98103a1baef864f2c10c33171a8f68ad5dc584656e917c25c9822c9cefccb972e294e700bed2fb7945c5b472edf68eeb01fc90f31141cc7dbe87601ea6318c61257317a0f6832d7c120e12f79e1ff17b452b50468a0c828edbb61c05c1212eb60ce05543cd0516ba2af78b1c52ef050311a7b4a84adc398eb320e9baacf81f55821866283e1db72e3e285b485f497748a748bc94c6c22560b955543aaaff006369ec8fdb29aedee800107221642197da5c63b18ce1394f4b8adb91bfd00bd9fb8c631a5a055e01113c8380601b07159e237ddff063b03298ecc051d5dfbfa2385afb92baf3adc7d49b97b0191aa10431c1d5c7a4658320a25cb97014066b3082a72e7260f09c06c4168db04041f76e44f5027bc37ffe128dc62c588bb18e3397f2e31891653d3b76e2e0ce6037aec9ca5a59b8bbeedfd0bdac033cceb309622b32da8be823b6e5c684677111e11b84b68c585ecb81682b805be9032432bcd6502c82690e587243613642020421f66ec7719d013c2fcc78ce7b6f70df499cba1f300154031565cb960391fcd632aadac21631650574fedb6f6f3ed7c10c58270dd6de86716dd972fe9dcb97094186282989115861b27c48bb6e5ccb3a42418ba4a800b68d0b6e3452e7825526380fdb28547cd7e99426887220786e7248208202040810faf7f418ece84f229fd4793a6fb94bd558602152e3b023bf196458c51cb281ac1c800f12f76f3a8f56104394b90e4fdcbfa486684b97b97049d49d308524c8103c9165cb970340af00b615d082c82692e310cc9c20ad2040952b6841040408102040843ec9dd63b3a9379b3f717a5debd980f579c62c58204d332de189da3bd819cd576c08262138e416f573dfcb575665cba09a27aace123818472d55e7300e12e5cbd97b2a42da4c3926393360c2d5057818b29ad0e383fd95c99c05fab2b967cdfaca121d30a95acb6493604040812a540952a0408102540d87dbb18ca0f0f597fa8be85d661d95b0232a6026af6dfa19b4ec10cc5c6a3b45b7745dc81626da0743094b8aac1cb4e8831b941e197b6e5cb8130bc2fa4cab270134b27321a06722a01c204a810378152a54a812a0409502540810fb663b18c67fd680a8a95ccfa14711ed606c6386395a5a9be473ef0c09912ca31747436deda81cd7a1b0e4ce4c3961c92fc229b095b799832e5db467c25777e95ef28de52172854bcdf880001c8a94e109202040810204a952a54a952a5409502040812a0421f62ee3b1d8c76319ff0022060d83bfe248213c88a07c8d58082825edbd972e85a3cdc582200315a3bc32b2a25ecb97b03cac13953973933912cd216d272a36d49cf0b954a3cda3d20940e8401912a56e02020408102040952a54a952a54a950254ad952a06cafb463b5d8c63295c7d25c5e2f6ddbd973f0f79292e768fa40f966ba7122aedb97b6c498a631930c1d9503301e5a4b97b6e502c56948b86132709ca826904d20f081c2510204a952a54ad8a952a04a812a04a952a54a950254a952a54a952beddd8c631d8c652716f167ea3f15df45543ae32f2dfa14e8cde904e33190c498d52b298abec652e5cb972f1ad7846ea8e36957e6532c826901c21c9082492080812a54a952a54a950254a812a54a952a54a952a54a810254afb876bb1d8c6246286623d3122c073fa57b972e53a9ec8eb6e71b846c8a844615468ac80076978d6b348fc52bde51a2f2c5fd4a351e6d1e902c074256b025386e3249208208a952a54a952a54a952a54a950254a952a540812b654a95f6f5baec48c624497e0c507b67e9162396fdef5c405ac70628e3ac7c308dc22f09669122da4c44cc954a7cdaf6a84503a1006410254adf00da2a54a952a54a952a54a952a54a95095b2a54adca95f7ec489b5990320f466b610edb6f65ecbd972e5c525a55dcf48d0858985904cc84d201a6c0920204a952a56d2a56c54a952a54a952a54a952a54a952a56ca95b2a56e07e0aa54a891360cbc0600fd1dcb97b2e5cb976d16bc0c6565a1c58ca55c00c264420384396124924104040952a54a952a54a952a54a952a54a952a54a952a54a952a54a95b2bf0752b6d4a89120825e731a5e9ff1b97b1653d9ed5ef29303e60a9e5991e9040376816410fa100454a952a54a952a54a952a54a952a54a952a54a952a54a952a54ad952a1f86a952a2448913618778ad753122b4e51499b9ed5ef29b03e582a58e191e93208f1ac66480d8a952a56c54ad8a952a54a952a54a952a54a952a54a952a54a95b2a54a95b2a54a95b952bf1152a54a8c32c10654516dd1c26a038d4c981bf054a952a54a952a54a952a54a952a54a95b2b654a952a54ad952a54a952b6d6dadb5f8dad891230ed152a54a952a54a952a54a952a54a952a540952a12a54adca95bd52a54a952a57e552244892a54a952a54a952a54a952a54a952a54a952b654adb52a06ca95b2a54a952b656cafcbd44892a54a952a54a952a54a952a54a952a54a952a54ad950256da952a56f57e76a54a952a54a952a54a952a54a952a54ad952a54a95b2b72bff1152a54a952b654a952b656ed4a952a56ca812bff001d52a54a952a54a952a54a952a54a952bff3752a54ad952bff00b3bfffd9', 'Ripassare JOIN e trigger', 'FF9999', 1, 'COMPLETATO', 'admin', 'UNIVERSITA');
INSERT INTO public.todo VALUES (7, 'Tesi triennale', '2025-07-15', NULL, NULL, 'Scrivere introduzione e metodi', 'C0C0C0', 1, 'NON_COMPLETATO', 'pluto', 'UNIVERSITA');
INSERT INTO public.todo VALUES (8, 'Stage azienda', '2025-07-20', NULL, NULL, 'Contattare referente', '008000', 1, 'NON_COMPLETATO', 'pluto', 'LAVORO');
INSERT INTO public.todo VALUES (9, 'Trekking domenica', '2025-06-29', NULL, NULL, 'Preparare zaino', 'FFD700', 1, 'COMPLETATO', 'pluto', 'TEMPO_LIBERO');
INSERT INTO public.todo VALUES (12, 'Uscita in bici', '2025-06-30', NULL, NULL, 'Percorso lungomare', '7FFFD4', 1, 'COMPLETATO', 'pippo', 'TEMPO_LIBERO');
INSERT INTO public.todo VALUES (3, 'Prenotare vacanza', '2025-07-10', 'ryanair.com', NULL, 'Controllare voli e hotel', '23CCFF', 1, 'COMPLETATO', 'admin', 'TEMPO_LIBERO');
INSERT INTO public.todo VALUES (2, 'Completare progetto', '2025-07-01', '', NULL, 'Finire progetto per lavoro', '00CCCC', 2, 'NON_COMPLETATO', 'admin', 'LAVORO');
INSERT INTO public.todo VALUES (11, 'Inviare CV', '2025-07-03', '', NULL, 'Aggiornare e inviare curriculum', 'F4D28F', 1, 'NON_COMPLETATO', 'pippo', 'LAVORO');
INSERT INTO public.todo VALUES (10, 'Compiti programmazione', '2025-06-27', '', NULL, 'Esercizi su Array e HashMap', 'FF0000', 1, 'NON_COMPLETATO', 'pippo', 'UNIVERSITA');


--
-- Data for Name: condivisione; Type: TABLE DATA; Schema: public; Owner: postgres
--

INSERT INTO public.condivisione VALUES ('admin', 11, 'ACCEPTED');


--
-- Name: todo_id_seq; Type: SEQUENCE SET; Schema: public; Owner: postgres
--

SELECT pg_catalog.setval('public.todo_id_seq', 14, true);


--
-- PostgreSQL database dump complete
--

